{
    "video_file": "vid_output_2.mp4",
    "total_frames_analyzed": 120,
    "comparison": {
        "raw_model": {
            "micro_average": {
                "precision": 0.9794512551079977,
                "recall": 0.6927046777589695,
                "f1_score": 0.8114918623491572,
                "mae_pixels": 3.411927504037179
            },
            "macro_average": {
                "precision": 0.9784868170335613,
                "recall": 0.6869212989849678,
                "f1_score": 0.8060121767103964,
                "mae_pixels": 3.4208110829082887
            }
        },
        "tracked_model": {
            "micro_average": {
                "precision": 0.8108484630595003,
                "recall": 0.7449320837289956,
                "f1_score": 0.7764938781658168,
                "mae_pixels": 5.256927643251143
            },
            "macro_average": {
                "precision": 0.7947283799358362,
                "recall": 0.7383510092187829,
                "f1_score": 0.762688373998965,
                "mae_pixels": 5.084577735727677
            }
        }
    }
}